order_item_id,order_id,product_id,seller_id,quantity,unit_price,discount_amount,line_total,batch_date
151094,50340,6949,198,2,339.8,0.0,679.6,2026-07-14
151095,50340,8716,98,2,2901.73,1041.52,4761.94,2026-07-14
151096,50340,6215,118,3,3141.0,0.0,9423.0,2026-07-14
151097,50340,3763,39,1,3991.35,0.0,3991.35,2026-07-14
151098,50340,4056,98,2,1665.79,0.0,3331.58,2026-07-14
151099,50341,3944,123,1,4391.17,437.51,3953.66,2026-07-14
151100,50342,551,188,3,952.46,276.16,2581.22,2026-07-14
151101,50342,7315,11,2,4726.46,933.74,8519.18,2026-07-14
151102,50342,9795,153,1,1166.13,0.0,1166.13,2026-07-14
151103,50342,798,135,1,282.63,45.06,237.57,2026-07-14
151104,50342,4010,159,2,2310.35,672.93,3947.77,2026-07-14
151105,50343,5225,183,2,1416.71,0.0,2833.42,2026-07-14
151106,50343,9462,30,3,582.42,0.0,1747.26,2026-07-14
151107,50343,9797,159,2,6207.58,0.0,12415.16,2026-07-14
151108,50343,5254,56,1,597.16,0.0,597.16,2026-07-14
151109,50343,3882,21,3,309.39,0.0,928.17,2026-07-14
151110,50344,7000,145,2,258.23,35.09,481.37,2026-07-14
151111,50344,9108,147,2,1489.7,0.0,2979.4,2026-07-14
151112,50345,8593,37,1,13233.44,2171.84,11061.6,2026-07-14
151113,50345,5223,102,1,1152.83,0.0,1152.83,2026-07-14
151114,50345,6822,122,2,2469.55,662.79,4276.31,2026-07-14
151115,50345,6689,70,1,10513.28,0.0,10513.28,2026-07-14
151116,50346,7587,117,3,740.15,0.0,2220.45,2026-07-14
151117,50346,945,149,2,218.15,0.0,436.3,2026-07-14
151118,50347,6364,194,2,1192.32,306.21,2078.43,2026-07-14
151119,50347,3979,95,3,3937.95,1348.33,10465.52,2026-07-14
151120,50348,6080,79,1,49465.03,3273.78,46191.25,2026-07-14
151121,50348,1515,67,3,20222.81,0.0,60668.43,2026-07-14
151122,50348,8776,96,1,2950.74,0.0,2950.74,2026-07-14
151123,50348,3121,18,1,29034.81,0.0,29034.81,2026-07-14
151124,50349,9157,198,2,660.98,0.0,1321.96,2026-07-14
151125,50349,3556,140,1,2953.76,429.66,2524.1,2026-07-14
151126,50349,7855,62,1,4228.2,0.0,4228.2,2026-07-14
151127,50349,3423,189,1,46809.26,0.0,46809.26,2026-07-14
151128,50349,5456,132,2,1620.5,0.0,3241.0,2026-07-14
151129,50350,3351,182,2,44950.14,0.0,89900.28,2026-07-14
151130,50350,6499,130,3,6901.9,0.0,20705.7,2026-07-14
151131,50350,3922,115,2,2440.4,616.37,4264.43,2026-07-14
151132,50350,9046,52,3,204.24,0.0,612.72,2026-07-14
151133,50350,5270,180,2,3888.93,1447.73,6330.13,2026-07-14
151134,50351,5247,50,2,7802.49,1740.85,13864.13,2026-07-14
151135,50351,3329,193,1,368.95,0.0,368.95,2026-07-14
151136,50351,6074,157,1,15991.71,2611.97,13379.74,2026-07-14
151137,50351,5127,174,3,1155.17,0.0,3465.51,2026-07-14
151138,50352,4837,72,1,1484.98,0.0,1484.98,2026-07-14
151139,50352,2498,62,1,2138.63,0.0,2138.63,2026-07-14
151140,50352,3215,76,3,4335.14,0.0,13005.42,2026-07-14
151141,50352,5405,54,2,1070.42,131.76,2009.08,2026-07-14
151142,50353,8038,141,1,8271.53,613.61,7657.92,2026-07-14
151143,50353,7551,30,3,7405.79,0.0,22217.37,2026-07-14
151144,50353,2757,37,3,3358.06,0.0,10074.18,2026-07-14
151145,50353,5771,162,1,1937.41,0.0,1937.41,2026-07-14
151146,50354,795,199,1,152.51,0.0,152.51,2026-07-14
151147,50355,1114,60,1,9420.95,1366.14,8054.81,2026-07-14
151148,50355,2475,49,2,11488.68,0.0,22977.36,2026-07-14
151149,50356,7917,53,3,126.89,0.0,380.67,2026-07-14
151150,50356,7994,109,1,6452.24,0.0,6452.24,2026-07-14
151151,50356,258,144,2,5010.22,0.0,10020.44,2026-07-14
151152,50356,109,72,2,2282.24,778.48,3786.0,2026-07-14
151153,50356,8720,131,3,121.83,0.0,365.49,2026-07-14
151154,50357,1754,109,3,15166.5,8366.62,37132.88,2026-07-14
151155,50357,1579,178,1,8621.35,0.0,8621.35,2026-07-14
151156,50358,5808,108,1,11053.44,0.0,11053.44,2026-07-14
151157,50358,4380,159,2,7274.92,0.0,14549.84,2026-07-14
151158,50358,6503,195,1,1258.08,0.0,1258.08,2026-07-14
151159,50359,4915,170,3,738.78,0.0,2216.34,2026-07-14
151160,50359,1321,161,3,369.5,0.0,1108.5,2026-07-14
151161,50360,6641,48,2,448.97,0.0,897.94,2026-07-14
151162,50361,920,198,2,6430.16,0.0,12860.32,2026-07-14
151163,50361,155,80,3,75.25,0.0,225.75,2026-07-14
151164,50361,2808,29,3,1290.17,0.0,3870.51,2026-07-14
151165,50361,1355,92,1,14833.22,0.0,14833.22,2026-07-14
151166,50362,3765,134,1,2739.31,0.0,2739.31,2026-07-14
151167,50363,7791,8,3,32450.8,0.0,97352.4,2026-07-14
151168,50363,4442,145,1,1732.05,197.57,1534.48,2026-07-14
151169,50363,763,75,2,2096.26,724.06,3468.46,2026-07-14
151170,50363,1219,161,1,867.5,0.0,867.5,2026-07-14
151171,50363,4594,114,3,3080.2,0.0,9240.6,2026-07-14
151172,50364,4904,128,1,6462.24,0.0,6462.24,2026-07-14
151173,50365,6376,186,3,317.94,0.0,953.82,2026-07-14
151174,50365,8857,69,3,2247.88,0.0,6743.64,2026-07-14
151175,50365,5436,75,2,2319.36,587.32,4051.4,2026-07-14
151176,50365,6289,77,2,39140.05,8815.25,69464.85,2026-07-14
151177,50365,2293,10,1,682.44,0.0,682.44,2026-07-14
151178,50366,9759,120,2,1445.53,0.0,2891.06,2026-07-14
151179,50366,6500,179,2,9801.3,0.0,19602.6,2026-07-14
151180,50366,5348,59,2,8104.13,0.0,16208.26,2026-07-14
151181,50366,486,153,3,2361.52,0.0,7084.56,2026-07-14
151182,50366,4479,71,2,3305.03,449.35,6160.71,2026-07-14
151183,50367,4840,120,1,11777.25,0.0,11777.25,2026-07-14
151184,50367,4038,97,3,2618.27,1503.7,6351.11,2026-07-14
151185,50367,1205,59,2,8412.62,0.0,16825.24,2026-07-14
151186,50367,1345,71,1,1902.96,187.4,1715.56,2026-07-14
151187,50367,4391,198,2,39441.15,0.0,78882.3,2026-07-14
151188,50368,1675,170,1,6227.41,0.0,6227.41,2026-07-14
151189,50368,2171,102,3,13823.61,0.0,41470.83,2026-07-14
151190,50368,1431,77,2,39039.68,12137.66,65941.7,2026-07-14
151191,50369,5799,57,3,4657.05,2735.09,11236.06,2026-07-14
151192,50370,5316,4,2,622.6,0.0,1245.2,2026-07-14
151193,50370,6312,125,3,1477.85,0.0,4433.55,2026-07-14
151194,50370,203,167,1,19775.54,0.0,19775.54,2026-07-14
151195,50370,4782,186,1,7198.03,0.0,7198.03,2026-07-14
151196,50370,6780,177,1,1121.95,98.47,1023.48,2026-07-14
151197,50371,4398,191,1,22880.74,2176.68,20704.06,2026-07-14
151198,50371,8080,130,2,2755.82,0.0,5511.64,2026-07-14
151199,50371,2391,180,2,17110.41,0.0,34220.82,2026-07-14
151200,50372,4124,15,3,1640.85,0.0,4922.55,2026-07-14
151201,50372,4041,144,2,1835.43,203.85,3467.01,2026-07-14
151202,50372,8124,76,2,1749.93,495.0,3004.86,2026-07-14
151203,50373,5444,71,2,319.8,0.0,639.6,2026-07-14
151204,50373,6225,149,3,52.32,0.0,156.96,2026-07-14
151205,50373,5400,107,1,528.2,0.0,528.2,2026-07-14
151206,50373,7213,75,3,13231.61,0.0,39694.83,2026-07-14
151207,50374,7849,182,1,160.2,0.0,160.2,2026-07-14
151208,50374,5148,161,2,2677.67,491.6,4863.74,2026-07-14
151209,50375,9436,135,2,273.86,0.0,547.72,2026-07-14
151210,50375,3972,125,2,10601.35,0.0,21202.7,2026-07-14
151211,50375,5340,80,3,319.15,82.28,875.17,2026-07-14
151212,50375,6162,10,3,423.31,91.1,1178.83,2026-07-14
151213,50376,441,1,3,57.33,34.03,137.96,2026-07-14
151214,50376,7564,126,2,441.21,0.0,882.42,2026-07-14
151215,50376,3435,175,1,3306.63,0.0,3306.63,2026-07-14
151216,50376,7184,140,1,1522.81,131.43,1391.38,2026-07-14
151217,50376,4774,50,1,39491.07,0.0,39491.07,2026-07-14
151218,50377,1212,144,3,271.11,0.0,813.33,2026-07-14
151219,50377,7358,91,3,440.23,0.0,1320.69,2026-07-14
151220,50377,9797,159,3,6207.58,0.0,18622.74,2026-07-14
151221,50377,7852,107,1,11361.49,0.0,11361.49,2026-07-14
151222,50378,8797,139,1,9008.46,0.0,9008.46,2026-07-14
151223,50378,9730,122,3,17956.53,0.0,53869.59,2026-07-14
151224,50378,1393,9,1,1477.89,0.0,1477.89,2026-07-14
151225,50379,9228,57,3,657.06,0.0,1971.18,2026-07-14
151226,50380,5433,193,1,3342.41,351.51,2990.9,2026-07-14
151227,50380,7053,54,3,233.4,0.0,700.2,2026-07-14
151228,50380,1736,93,3,555.15,0.0,1665.45,2026-07-14
151229,50380,173,144,3,2118.76,920.68,5435.6,2026-07-14
151230,50381,6409,186,3,3174.66,0.0,9523.98,2026-07-14
151231,50381,7587,117,2,740.15,0.0,1480.3,2026-07-14
151232,50381,9644,2,2,562.23,146.59,977.87,2026-07-14
151233,50382,1407,7,2,773.79,0.0,1547.58,2026-07-14
151234,50382,1902,17,1,21428.83,0.0,21428.83,2026-07-14
151235,50382,2322,94,2,532.9,0.0,1065.8,2026-07-14
151236,50382,5708,66,2,2561.55,0.0,5123.1,2026-07-14
151237,50383,5226,84,3,5363.07,1578.63,14510.58,2026-07-14
151238,50383,1101,107,2,41735.96,0.0,83471.92,2026-07-14
151239,50383,4920,153,3,5119.18,0.0,15357.54,2026-07-14
151240,50383,733,71,3,978.83,228.98,2707.51,2026-07-14
151241,50384,9043,59,2,329.07,0.0,658.14,2026-07-14
151242,50384,2624,56,2,1117.69,309.9,1925.48,2026-07-14
151243,50385,3023,5,1,10026.59,0.0,10026.59,2026-07-14
151244,50385,3054,100,1,40523.47,0.0,40523.47,2026-07-14
151245,50385,7081,69,2,41302.73,0.0,82605.46,2026-07-14
151246,50385,6482,67,3,772.62,121.66,2196.2,2026-07-14
151247,50386,1026,45,3,1783.88,449.4,4902.24,2026-07-14
151248,50386,9460,152,2,1778.64,522.12,3035.16,2026-07-14
151249,50386,1668,117,1,2642.01,201.2,2440.81,2026-07-14
151250,50387,8647,182,3,955.55,0.0,2866.65,2026-07-14
151251,50387,5135,52,1,7529.29,0.0,7529.29,2026-07-14
151252,50387,9781,60,2,1091.03,0.0,2182.06,2026-07-14
151253,50387,6368,2,3,31567.16,0.0,94701.48,2026-07-14
151254,50388,9670,15,2,2208.51,841.48,3575.54,2026-07-14
151255,50388,1389,73,2,1681.78,237.56,3126.0,2026-07-14
151256,50388,2195,80,2,167.58,0.0,335.16,2026-07-14
151257,50389,6365,114,2,11250.39,0.0,22500.78,2026-07-14
151258,50389,6853,88,2,6008.6,0.0,12017.2,2026-07-14
151259,50389,9772,116,3,1941.86,0.0,5825.58,2026-07-14
151260,50389,2259,120,1,4380.68,0.0,4380.68,2026-07-14
151261,50389,9418,181,2,1672.98,224.25,3121.71,2026-07-14
151262,50390,5155,190,3,791.38,431.15,1942.99,2026-07-14
151263,50390,7390,186,2,3900.62,0.0,7801.24,2026-07-14
151264,50391,2237,34,3,10612.17,0.0,31836.51,2026-07-14
151265,50391,3197,22,2,4634.76,0.0,9269.52,2026-07-14
151266,50391,6291,107,2,41717.48,0.0,83434.96,2026-07-14
151267,50391,9201,194,2,4637.12,0.0,9274.24,2026-07-14
151268,50392,9264,99,1,49005.37,0.0,49005.37,2026-07-14
151269,50393,4786,138,2,10932.85,2914.26,18951.44,2026-07-14
151270,50393,536,134,2,1041.19,269.56,1812.82,2026-07-14
151271,50394,9268,183,1,409.15,0.0,409.15,2026-07-14
151272,50394,8116,49,2,358.75,0.0,717.5,2026-07-14
151273,50394,9007,48,2,2017.85,0.0,4035.7,2026-07-14
151274,50394,8370,123,1,594.52,0.0,594.52,2026-07-14
151275,50395,8952,10,3,245.85,0.0,737.55,2026-07-14
151276,50395,3581,43,1,293.43,54.16,239.27,2026-07-14
151277,50395,6966,72,1,10053.05,0.0,10053.05,2026-07-14
151278,50395,1678,1,2,11750.98,0.0,23501.96,2026-07-14
151279,50396,7194,128,1,1129.68,0.0,1129.68,2026-07-14
151280,50397,3439,185,3,575.05,0.0,1725.15,2026-07-14
151281,50397,9633,10,3,2383.23,0.0,7149.69,2026-07-14
151282,50398,2720,164,1,2816.75,0.0,2816.75,2026-07-14
151283,50398,2282,42,3,187.56,57.61,505.07,2026-07-14
151284,50398,3386,62,3,7531.96,3590.34,19005.54,2026-07-14
151285,50398,3391,96,3,936.07,518.3,2289.91,2026-07-14
151286,50399,4381,51,1,874.13,0.0,874.13,2026-07-14
151287,50399,8429,176,3,49441.42,24767.38,123556.88,2026-07-14
151288,50399,1561,176,1,1211.79,177.29,1034.5,2026-07-14
151289,50399,2222,164,3,4154.61,0.0,12463.83,2026-07-14
151290,50399,6744,115,1,3641.66,0.0,3641.66,2026-07-14
151291,50400,8020,175,3,1345.44,0.0,4036.32,2026-07-14
151292,50400,2330,88,2,7931.39,1177.72,14685.06,2026-07-14
151293,50400,9461,54,1,20108.99,0.0,20108.99,2026-07-14
151294,50400,4403,173,3,1439.64,798.06,3520.86,2026-07-14
151295,50401,7450,115,3,4740.06,730.63,13489.55,2026-07-14
151296,50401,7997,18,3,548.3,107.28,1537.62,2026-07-14
151297,50401,5363,31,2,46349.15,0.0,92698.3,2026-07-14
151298,50402,1038,68,1,3053.82,0.0,3053.82,2026-07-14
151299,50402,8757,21,1,816.06,0.0,816.06,2026-07-14
151300,50402,6517,143,2,721.37,0.0,1442.74,2026-07-14
151301,50403,8968,182,3,1629.97,0.0,4889.91,2026-07-14
151302,50403,9469,16,2,1381.94,0.0,2763.88,2026-07-14
151303,50403,2140,189,1,1400.6,103.81,1296.79,2026-07-14
151304,50404,267,69,2,1913.68,588.59,3238.77,2026-07-14
151305,50404,2036,132,2,2842.96,840.35,4845.57,2026-07-14
151306,50404,2589,35,3,217.51,0.0,652.53,2026-07-14
151307,50404,7231,149,3,1826.77,0.0,5480.31,2026-07-14
151308,50405,1530,133,1,6431.44,0.0,6431.44,2026-07-14
151309,50405,5906,89,3,12366.99,5818.43,31282.54,2026-07-14
151310,50405,4103,117,2,10854.95,0.0,21709.9,2026-07-14
151311,50406,7033,196,3,1270.16,376.51,3433.97,2026-07-14
151312,50406,1495,102,1,36999.99,0.0,36999.99,2026-07-14
151313,50407,9727,80,3,288.42,0.0,865.26,2026-07-14
151314,50407,3706,49,1,11487.13,1693.72,9793.41,2026-07-14
151315,50408,1976,37,2,2116.08,629.08,3603.08,2026-07-14
151316,50408,6920,8,2,700.55,189.49,1211.61,2026-07-14
151317,50408,2166,183,1,3146.93,201.56,2945.37,2026-07-14
151318,50409,4903,108,1,640.49,0.0,640.49,2026-07-14
151319,50409,2247,71,3,119.79,32.26,327.11,2026-07-14
151320,50409,6271,9,3,10459.14,0.0,31377.42,2026-07-14
151321,50410,2689,117,2,3268.46,0.0,6536.92,2026-07-14
151322,50410,7211,139,2,1423.16,0.0,2846.32,2026-07-14
151323,50410,5754,112,1,489.12,0.0,489.12,2026-07-14
151324,50410,3491,115,1,3110.77,0.0,3110.77,2026-07-14
151325,50410,2481,168,3,594.38,0.0,1783.14,2026-07-14
151326,50411,7036,43,1,3247.42,353.85,2893.57,2026-07-14
151327,50411,5153,73,1,2641.35,485.5,2155.85,2026-07-14
151328,50411,2291,154,3,804.95,0.0,2414.85,2026-07-14
151329,50412,4669,50,3,400.72,0.0,1202.16,2026-07-14
151330,50412,440,66,3,524.71,0.0,1574.13,2026-07-14
151331,50412,4943,101,3,1015.17,515.37,2530.14,2026-07-14
151332,50412,3367,103,1,3805.35,0.0,3805.35,2026-07-14
151333,50412,8483,47,1,4096.35,513.66,3582.69,2026-07-14
151334,50413,1164,195,1,3979.23,0.0,3979.23,2026-07-14
151335,50413,8656,52,3,1140.17,0.0,3420.51,2026-07-14
151336,50413,198,97,3,1345.54,0.0,4036.62,2026-07-14
151337,50413,5917,138,2,2064.11,0.0,4128.22,2026-07-14
151338,50413,5186,27,1,6881.06,852.41,6028.65,2026-07-14
151339,50414,226,28,2,7157.87,2267.15,12048.59,2026-07-14
151340,50415,6521,17,3,5240.93,843.49,14879.3,2026-07-14
151341,50416,6807,196,3,22555.12,0.0,67665.36,2026-07-14
151342,50416,6940,120,2,387.74,59.38,716.1,2026-07-14
151343,50416,6591,191,1,3595.67,0.0,3595.67,2026-07-14
151344,50416,1351,192,1,13525.2,0.0,13525.2,2026-07-14
151345,50416,8792,186,1,9752.9,0.0,9752.9,2026-07-14
151346,50417,9609,37,3,165.66,0.0,496.98,2026-07-14
151347,50417,1084,140,1,37019.39,7148.05,29871.34,2026-07-14
151348,50417,5082,8,1,1134.76,0.0,1134.76,2026-07-14
151349,50417,7168,57,1,368.49,0.0,368.49,2026-07-14
151350,50418,902,165,3,481.07,152.29,1290.92,2026-07-14
151351,50418,5068,77,1,10351.23,541.56,9809.67,2026-07-14
151352,50418,2878,105,2,936.3,0.0,1872.6,2026-07-14
151353,50418,1957,183,3,20729.25,11768.89,50418.86,2026-07-14
151354,50418,208,136,2,1678.21,383.4,2973.02,2026-07-14
151355,50419,1935,12,2,3313.71,1289.32,5338.1,2026-07-14
151356,50419,481,101,1,296.22,52.71,243.51,2026-07-14
151357,50419,5489,126,3,7467.89,0.0,22403.67,2026-07-14
151358,50420,7458,47,2,2274.79,0.0,4549.58,2026-07-14
151359,50420,8369,69,1,865.25,0.0,865.25,2026-07-14
151360,50420,5901,148,2,4868.94,0.0,9737.88,2026-07-14
151361,50420,909,73,3,10529.25,0.0,31587.75,2026-07-14
151362,50421,3743,20,3,545.74,0.0,1637.22,2026-07-14
151363,50422,202,16,1,4240.13,413.58,3826.55,2026-07-14
151364,50423,6275,62,1,10014.55,0.0,10014.55,2026-07-14
151365,50423,2459,199,3,2066.43,0.0,6199.29,2026-07-14
151366,50423,2933,152,2,2718.09,725.84,4710.34,2026-07-14
151367,50424,6820,121,2,7134.11,0.0,14268.22,2026-07-14
151368,50424,5242,66,3,4180.02,0.0,12540.06,2026-07-14
151369,50425,863,138,2,1591.91,431.44,2752.38,2026-07-14
151370,50425,2939,7,2,467.56,0.0,935.12,2026-07-14
151371,50425,3657,198,2,44449.75,0.0,88899.5,2026-07-14
151372,50425,8451,83,3,10638.19,0.0,31914.57,2026-07-14
151373,50425,753,107,2,1564.9,202.11,2927.69,2026-07-14
151374,50426,4980,186,2,30270.59,0.0,60541.18,2026-07-14
151375,50426,3975,177,1,143.43,0.0,143.43,2026-07-14
151376,50426,7601,95,3,1030.64,0.0,3091.92,2026-07-14
151377,50426,6034,148,1,43047.55,8545.29,34502.26,2026-07-14
151378,50426,9695,83,2,796.82,113.17,1480.47,2026-07-14
151379,50427,5676,80,3,11938.56,0.0,35815.68,2026-07-14
151380,50427,158,52,1,651.16,118.25,532.91,2026-07-14
151381,50427,5489,126,1,7467.89,0.0,7467.89,2026-07-14
151382,50427,24,197,1,1745.98,0.0,1745.98,2026-07-14
151383,50427,6165,36,1,622.8,0.0,622.8,2026-07-14
151384,50428,720,87,1,1693.6,0.0,1693.6,2026-07-14
151385,50429,6768,172,1,4221.37,0.0,4221.37,2026-07-14
151386,50429,6103,180,3,3908.74,0.0,11726.22,2026-07-14
151387,50429,7512,10,1,115.44,0.0,115.44,2026-07-14
151388,50429,1392,10,1,345.13,0.0,345.13,2026-07-14
151389,50429,9516,130,1,3179.41,493.99,2685.42,2026-07-14
151390,50430,5162,7,2,302.56,0.0,605.12,2026-07-14
151391,50430,6439,93,1,8258.78,776.65,7482.13,2026-07-14
151392,50430,5346,166,1,2201.25,377.3,1823.95,2026-07-14
151393,50431,1786,163,2,2554.37,0.0,5108.74,2026-07-14
151394,50431,2547,96,1,1090.0,0.0,1090.0,2026-07-14
151395,50431,1732,173,1,4188.92,0.0,4188.92,2026-07-14
151396,50431,2694,120,2,795.61,286.52,1304.7,2026-07-14
151397,50431,7366,126,1,4056.84,758.57,3298.27,2026-07-14
151398,50432,9885,21,2,28686.37,7184.64,50188.1,2026-07-14
151399,50432,661,69,3,1180.24,601.02,2939.7,2026-07-14
151400,50432,3523,96,2,1669.56,0.0,3339.12,2026-07-14
151401,50433,4897,59,2,2460.79,0.0,4921.58,2026-07-14
151402,50434,510,104,2,6519.3,0.0,13038.6,2026-07-14
151403,50434,6626,176,3,2245.91,1141.16,5596.57,2026-07-14
151404,50435,1670,51,1,2023.48,0.0,2023.48,2026-07-14
151405,50435,2291,154,1,804.95,81.06,723.89,2026-07-14
151406,50435,1990,142,2,42782.23,0.0,85564.46,2026-07-14
151407,50435,196,127,3,3797.38,0.0,11392.14,2026-07-14
151408,50436,9541,118,3,2356.88,453.21,6617.43,2026-07-14
151409,50437,358,75,1,147.39,8.16,139.23,2026-07-14
151410,50438,2111,199,1,14204.24,0.0,14204.24,2026-07-14
151411,50438,1507,94,1,9861.87,1295.82,8566.05,2026-07-14
151412,50438,5433,193,3,3342.41,0.0,10027.23,2026-07-14
151413,50438,2008,127,3,1196.53,0.0,3589.59,2026-07-14
151414,50439,6271,9,3,10459.14,0.0,31377.42,2026-07-14
151415,50440,3518,173,2,3486.0,0.0,6972.0,2026-07-14
151416,50440,3067,165,1,2132.37,116.37,2016.0,2026-07-14
151417,50440,4506,135,3,20726.3,0.0,62178.9,2026-07-14
151418,50441,8174,133,2,5695.53,1975.1,9415.96,2026-07-14
151419,50441,6751,74,2,402.41,0.0,804.82,2026-07-14
151420,50441,9023,38,2,484.59,100.82,868.36,2026-07-14
151421,50442,4083,127,2,1996.98,0.0,3993.96,2026-07-14
151422,50442,8908,183,2,1671.38,0.0,3342.76,2026-07-14
151423,50442,320,20,3,582.06,0.0,1746.18,2026-07-14
151424,50442,6267,36,2,20388.77,5233.25,35544.29,2026-07-14
151425,50442,5884,97,1,286.44,0.0,286.44,2026-07-14
151426,50443,481,101,1,296.22,0.0,296.22,2026-07-14
151427,50443,4603,120,2,2477.08,0.0,4954.16,2026-07-14
151428,50444,3814,101,2,8003.01,0.0,16006.02,2026-07-14
151429,50444,2616,200,3,4082.71,1756.79,10491.34,2026-07-14
151430,50444,1641,24,1,42753.42,0.0,42753.42,2026-07-14
151431,50444,4061,199,2,5697.44,0.0,11394.88,2026-07-14
151432,50444,3952,139,1,42099.97,2643.97,39456.0,2026-07-14
151433,50445,5211,179,3,7161.71,0.0,21485.13,2026-07-14
151434,50445,5879,128,3,7047.74,0.0,21143.22,2026-07-14
151435,50445,9693,35,2,6894.5,0.0,13789.0,2026-07-14
151436,50445,463,9,1,1164.44,0.0,1164.44,2026-07-14
151437,50445,5762,186,1,45341.07,5880.88,39460.19,2026-07-14
151438,50446,3585,137,2,181.53,0.0,363.06,2026-07-14
151439,50446,327,24,1,145.43,0.0,145.43,2026-07-14
151440,50446,8626,101,2,4272.71,0.0,8545.42,2026-07-14
151441,50446,7832,71,2,8172.67,2380.12,13965.22,2026-07-14
151442,50446,12,26,1,112.63,0.0,112.63,2026-07-14
151443,50447,1818,19,2,7023.2,0.0,14046.4,2026-07-14
151444,50447,8623,129,2,6232.29,0.0,12464.58,2026-07-14
151445,50448,9602,21,2,16093.99,4102.2,28085.78,2026-07-14
151446,50448,1656,135,1,45093.24,0.0,45093.24,2026-07-14
151447,50448,5515,82,2,2866.9,0.0,5733.8,2026-07-14
151448,50448,4945,162,2,830.24,0.0,1660.48,2026-07-14
151449,50449,9208,88,1,2174.52,0.0,2174.52,2026-07-14
151450,50449,5847,89,1,357.41,0.0,357.41,2026-07-14
151451,50450,2087,31,3,338.27,0.0,1014.81,2026-07-14
151452,50450,2912,15,2,3281.84,0.0,6563.68,2026-07-14
151453,50450,30,126,3,1278.56,347.61,3488.07,2026-07-14
151454,50451,5214,127,1,11568.89,0.0,11568.89,2026-07-14
151455,50451,3620,196,1,1234.49,76.25,1158.24,2026-07-14
151456,50451,9266,142,2,35909.13,3864.01,67954.25,2026-07-14
151457,50451,1706,19,1,14719.67,0.0,14719.67,2026-07-14
151458,50451,8130,82,3,16461.49,0.0,49384.47,2026-07-14
151459,50452,7318,15,1,675.4,118.46,556.94,2026-07-14
151460,50452,187,78,1,959.76,0.0,959.76,2026-07-14
151461,50452,4346,61,1,3406.88,0.0,3406.88,2026-07-14
151462,50453,6324,70,2,1115.5,0.0,2231.0,2026-07-14
151463,50454,6784,4,2,610.51,0.0,1221.02,2026-07-14
151464,50454,8079,125,2,1665.06,253.07,3077.05,2026-07-14
151465,50455,9471,159,1,929.98,0.0,929.98,2026-07-14
151466,50455,3696,113,1,141.43,12.38,129.05,2026-07-14
151467,50455,2665,165,2,744.76,197.19,1292.33,2026-07-14
151468,50455,7394,162,1,1377.78,216.57,1161.21,2026-07-14
151469,50456,6152,150,3,12599.31,3477.03,34320.9,2026-07-14
151470,50456,2637,168,1,350.22,0.0,350.22,2026-07-14
151471,50457,7910,67,2,4646.66,1493.29,7800.03,2026-07-14
151472,50457,508,111,1,2367.57,0.0,2367.57,2026-07-14
151473,50457,7067,21,1,11365.17,0.0,11365.17,2026-07-14
151474,50457,2704,119,3,28998.83,0.0,86996.49,2026-07-14
151475,50457,9951,55,3,3424.99,0.0,10274.97,2026-07-14
151476,50458,4873,103,1,1111.11,0.0,1111.11,2026-07-14
151477,50458,3892,99,3,938.14,0.0,2814.42,2026-07-14
151478,50458,1572,128,1,3877.52,549.67,3327.85,2026-07-14
151479,50459,7006,166,1,929.36,81.0,848.36,2026-07-14
151480,50460,7870,129,1,4172.76,0.0,4172.76,2026-07-14
151481,50460,3272,164,1,4442.95,0.0,4442.95,2026-07-14
151482,50460,1590,125,1,38570.31,0.0,38570.31,2026-07-14
151483,50460,422,34,2,26402.67,0.0,52805.34,2026-07-14
151484,50460,3391,96,3,936.07,459.64,2348.57,2026-07-14
151485,50461,6350,26,1,1499.75,0.0,1499.75,2026-07-14
151486,50461,3030,1,2,373.61,0.0,747.22,2026-07-14
151487,50461,6079,155,2,956.99,129.02,1784.96,2026-07-14
151488,50461,6250,21,2,1296.38,0.0,2592.76,2026-07-14
151489,50461,6053,75,1,246.97,0.0,246.97,2026-07-14
151490,50462,1405,51,3,204.03,0.0,612.09,2026-07-14
151491,50463,6783,194,2,4533.93,0.0,9067.86,2026-07-14
151492,50463,9663,100,2,441.5,0.0,883.0,2026-07-14
151493,50463,3728,101,3,4281.25,0.0,12843.75,2026-07-14
151494,50463,9071,94,2,742.23,0.0,1484.46,2026-07-14
151495,50463,1000,164,1,646.81,0.0,646.81,2026-07-14
151496,50464,6469,151,3,527.13,245.98,1335.41,2026-07-14
151497,50465,8468,140,1,4185.75,0.0,4185.75,2026-07-14
151498,50465,9364,159,1,2057.81,0.0,2057.81,2026-07-14
151499,50465,2416,189,1,2702.32,174.77,2527.55,2026-07-14
151500,50465,1971,146,2,144.89,35.86,253.92,2026-07-14
151501,50465,7358,91,3,440.23,0.0,1320.69,2026-07-14
151502,50466,9750,165,2,24182.84,0.0,48365.68,2026-07-14
151503,50466,4226,36,1,8431.44,640.62,7790.82,2026-07-14
151504,50467,6511,29,2,1350.07,0.0,2700.14,2026-07-14
151505,50467,9045,50,1,546.36,0.0,546.36,2026-07-14
151506,50467,5344,119,3,4992.78,0.0,14978.34,2026-07-14
151507,50467,4526,177,2,39996.66,8781.32,71212.0,2026-07-14
151508,50467,8515,163,1,35277.87,5022.78,30255.09,2026-07-14
151509,50468,9547,61,2,14781.84,0.0,29563.68,2026-07-14
151510,50468,1642,188,2,2754.14,0.0,5508.28,2026-07-14
151511,50468,1731,185,2,16280.4,0.0,32560.8,2026-07-14
151512,50468,9220,26,2,2707.75,0.0,5415.5,2026-07-14
151513,50468,1655,116,2,1595.27,181.21,3009.33,2026-07-14
151514,50469,6603,140,3,2169.62,0.0,6508.86,2026-07-14
151515,50469,2357,30,1,302.58,0.0,302.58,2026-07-14
151516,50469,9973,108,2,6028.67,0.0,12057.34,2026-07-14
151517,50470,7786,34,2,3326.81,0.0,6653.62,2026-07-14
151518,50471,5536,200,2,1300.33,0.0,2600.66,2026-07-14
151519,50472,1610,198,3,22241.86,0.0,66725.58,2026-07-14
151520,50472,3735,61,2,1628.11,484.54,2771.68,2026-07-14
151521,50472,2202,100,2,515.57,0.0,1031.14,2026-07-14
151522,50472,4924,117,1,48607.27,3618.33,44988.94,2026-07-14
151523,50473,6672,194,3,6052.27,0.0,18156.81,2026-07-14
151524,50473,7938,65,1,1218.21,0.0,1218.21,2026-07-14
151525,50474,1076,9,3,4815.59,0.0,14446.77,2026-07-14
151526,50474,5098,89,1,13788.37,0.0,13788.37,2026-07-14
151527,50475,9318,26,1,24290.27,3348.81,20941.46,2026-07-14
151528,50475,475,136,2,4280.94,1635.61,6926.27,2026-07-14
151529,50475,2847,85,2,735.07,0.0,1470.14,2026-07-14
151530,50475,3159,143,2,10059.45,0.0,20118.9,2026-07-14
151531,50475,3289,98,2,179.12,0.0,358.24,2026-07-14
151532,50476,501,21,1,5332.57,0.0,5332.57,2026-07-14
151533,50477,7309,65,2,841.59,0.0,1683.18,2026-07-14
151534,50477,2910,114,2,3555.86,0.0,7111.72,2026-07-14
151535,50477,7776,77,3,4095.25,1799.78,10485.97,2026-07-14
151536,50477,9616,51,1,43597.45,0.0,43597.45,2026-07-14
151537,50477,9034,51,1,1020.55,0.0,1020.55,2026-07-14
151538,50478,3627,40,3,1432.21,566.48,3730.15,2026-07-14
151539,50478,3689,124,3,632.19,0.0,1896.57,2026-07-14
151540,50479,146,177,2,38214.14,0.0,76428.28,2026-07-14
151541,50480,9850,92,1,9590.4,1862.25,7728.15,2026-07-14
151542,50480,139,120,2,269.44,0.0,538.88,2026-07-14
151543,50481,6944,146,2,4531.46,719.31,8343.61,2026-07-14
151544,50481,6169,163,2,674.9,0.0,1349.8,2026-07-14
151545,50481,5714,56,3,2520.63,0.0,7561.89,2026-07-14
151546,50482,9577,119,3,10141.23,0.0,30423.69,2026-07-14
151547,50482,1677,123,2,9021.58,0.0,18043.16,2026-07-14
151548,50482,121,162,3,9029.01,0.0,27087.03,2026-07-14
151549,50482,8381,100,2,4618.53,0.0,9237.06,2026-07-14
151550,50483,1046,25,2,4142.6,436.91,7848.29,2026-07-14
151551,50483,5510,198,3,4079.43,0.0,12238.29,2026-07-14
151552,50483,4530,3,3,683.03,131.48,1917.61,2026-07-14
151553,50483,5328,64,1,474.25,0.0,474.25,2026-07-14
151554,50484,931,124,2,15159.65,0.0,30319.3,2026-07-14
151555,50484,9831,145,3,387.6,70.56,1092.24,2026-07-14
151556,50485,8149,177,2,3277.43,1158.45,5396.41,2026-07-14
151557,50486,6629,131,3,1276.13,0.0,3828.39,2026-07-14
151558,50486,6362,158,1,1906.49,0.0,1906.49,2026-07-14
151559,50486,579,150,3,1068.59,551.94,2653.83,2026-07-14
151560,50486,9553,119,3,587.82,0.0,1763.46,2026-07-14
151561,50487,5874,49,3,2404.86,0.0,7214.58,2026-07-14
151562,50487,8312,48,1,13517.12,915.44,12601.68,2026-07-14
151563,50487,4919,45,2,45844.86,14167.03,77522.69,2026-07-14
151564,50487,2786,160,2,11995.7,0.0,23991.4,2026-07-14
151565,50488,3000,7,1,40556.1,0.0,40556.1,2026-07-14
151566,50488,5500,66,2,2808.18,0.0,5616.36,2026-07-14
151567,50488,1464,88,2,10444.8,0.0,20889.6,2026-07-14
151568,50488,3642,16,3,14381.91,7836.16,35309.57,2026-07-14
151569,50488,5821,103,1,11251.0,0.0,11251.0,2026-07-14
151570,50489,9508,113,1,3346.72,0.0,3346.72,2026-07-14
151571,50489,1167,172,2,32266.29,0.0,64532.58,2026-07-14
151572,50489,7737,42,2,1703.04,580.81,2825.27,2026-07-14
151573,50489,3188,190,1,27067.56,2498.48,24569.08,2026-07-14
151574,50489,8200,22,1,6144.58,0.0,6144.58,2026-07-14
151575,50490,7497,14,2,1216.54,0.0,2433.08,2026-07-14
151576,50490,2347,71,1,37764.86,0.0,37764.86,2026-07-14
151577,50490,5184,74,1,1410.57,229.35,1181.22,2026-07-14
151578,50490,2955,174,2,4485.47,1534.26,7436.68,2026-07-14
151579,50490,1325,11,1,1038.47,0.0,1038.47,2026-07-14
151580,50491,8022,119,1,1925.54,0.0,1925.54,2026-07-14
151581,50491,1443,29,3,9435.1,0.0,28305.3,2026-07-14
151582,50492,7822,168,3,2642.61,838.79,7089.04,2026-07-14
151583,50492,6281,159,2,1266.32,0.0,2532.64,2026-07-14
151584,50492,77,58,2,764.48,0.0,1528.96,2026-07-14
151585,50492,619,126,3,161.73,80.77,404.42,2026-07-14
151586,50493,4077,9,1,8674.25,0.0,8674.25,2026-07-14
151587,50494,5114,20,2,2782.12,0.0,5564.24,2026-07-14
151588,50494,2113,191,2,188.61,67.43,309.79,2026-07-14
151589,50494,1683,90,1,4619.38,528.22,4091.16,2026-07-14
151590,50495,7470,43,3,909.0,0.0,2727.0,2026-07-14
151591,50495,8525,22,3,12616.12,0.0,37848.36,2026-07-14
151592,50495,9771,17,2,13553.33,0.0,27106.66,2026-07-14
151593,50496,5886,138,1,10997.12,719.97,10277.15,2026-07-14
151594,50496,3088,93,3,972.84,0.0,2918.52,2026-07-14
151595,50496,2702,141,1,4619.12,0.0,4619.12,2026-07-14
151596,50496,6610,165,3,8637.33,0.0,25911.99,2026-07-14
151597,50497,6007,144,3,724.67,0.0,2174.01,2026-07-14
151598,50498,6148,19,3,3074.97,1604.84,7620.07,2026-07-14
151599,50499,797,31,1,41128.73,0.0,41128.73,2026-07-14
151600,50499,9731,42,2,1930.05,0.0,3860.1,2026-07-14
151601,50499,786,139,1,95.34,0.0,95.34,2026-07-14
151602,50499,1772,61,2,11538.37,0.0,23076.74,2026-07-14
151603,50499,324,72,1,2186.5,0.0,2186.5,2026-07-14
151604,50500,4934,169,2,45263.02,0.0,90526.04,2026-07-14
151605,50501,4424,175,3,9219.36,0.0,27658.08,2026-07-14
151606,50501,9923,34,1,2391.9,123.48,2268.42,2026-07-14
151607,50501,2248,125,1,1486.5,0.0,1486.5,2026-07-14
151608,50501,6863,138,3,17801.99,9923.22,43482.75,2026-07-14
151609,50501,1719,20,2,11922.89,0.0,23845.78,2026-07-14
151610,50502,5865,84,2,221.36,43.34,399.38,2026-07-14
151611,50502,6714,124,3,24457.93,0.0,73373.79,2026-07-14
151612,50503,7876,45,1,4497.42,866.16,3631.26,2026-07-14
151613,50503,5417,37,3,5295.62,2160.86,13726.0,2026-07-14
151614,50504,9407,116,3,12700.63,0.0,38101.89,2026-07-14
151615,50505,8384,142,1,112.35,0.0,112.35,2026-07-14
151616,50506,4193,155,3,2912.8,867.72,7870.68,2026-07-14
151617,50507,4328,179,1,1453.92,0.0,1453.92,2026-07-14
151618,50507,7607,21,1,14096.74,0.0,14096.74,2026-07-14
151619,50507,821,45,2,4769.12,0.0,9538.24,2026-07-14
151620,50508,6980,34,1,1487.14,250.94,1236.2,2026-07-14
151621,50508,1899,68,1,1376.87,0.0,1376.87,2026-07-14
151622,50508,1557,189,1,277.49,0.0,277.49,2026-07-14
151623,50509,4396,123,1,528.53,33.66,494.87,2026-07-14
151624,50509,1523,123,2,1475.94,0.0,2951.88,2026-07-14
151625,50509,6106,149,2,4495.29,0.0,8990.58,2026-07-14
151626,50509,5616,43,3,4575.15,0.0,13725.45,2026-07-14
151627,50510,2733,87,1,2983.54,174.94,2808.6,2026-07-14
151628,50510,1853,82,3,26289.31,0.0,78867.93,2026-07-14
151629,50510,2172,131,3,2471.74,0.0,7415.22,2026-07-14
151630,50510,961,78,1,71.83,0.0,71.83,2026-07-14
151631,50511,473,103,2,1045.2,242.97,1847.43,2026-07-14
151632,50511,2141,166,2,2324.68,0.0,4649.36,2026-07-14
151633,50511,7915,90,1,994.22,182.1,812.12,2026-07-14
151634,50512,203,167,3,19775.54,0.0,59326.62,2026-07-14
151635,50512,8599,198,3,3303.32,0.0,9909.96,2026-07-14
151636,50512,9448,58,3,41499.45,0.0,124498.35,2026-07-14
151637,50513,1561,176,3,1211.79,0.0,3635.37,2026-07-14
151638,50513,7092,39,2,1730.23,247.25,3213.21,2026-07-14
151639,50513,4073,36,3,3295.47,0.0,9886.41,2026-07-14
151640,50513,7896,153,3,6566.03,3234.95,16463.14,2026-07-14
151641,50513,5665,145,3,3883.4,0.0,11650.2,2026-07-14
151642,50514,7689,111,2,480.88,62.68,899.08,2026-07-14
151643,50514,8124,76,2,1749.93,219.15,3280.71,2026-07-14
151644,50514,2710,42,1,3090.18,0.0,3090.18,2026-07-14
151645,50514,1227,96,2,3981.34,0.0,7962.68,2026-07-14
151646,50514,8056,97,1,5462.38,847.46,4614.92,2026-07-14
151647,50515,9389,148,2,3561.42,0.0,7122.84,2026-07-14
151648,50515,7342,191,2,13894.85,0.0,27789.7,2026-07-14
151649,50515,1443,29,1,9435.1,1634.9,7800.2,2026-07-14
151650,50515,8167,167,2,372.77,116.26,629.28,2026-07-14
151651,50516,3,6,3,1865.1,350.97,5244.33,2026-07-14
151652,50516,1490,74,3,1059.63,0.0,3178.89,2026-07-14
151653,50516,9900,151,2,4551.02,0.0,9102.04,2026-07-14
151654,50516,4991,58,1,2880.87,0.0,2880.87,2026-07-14
151655,50516,8329,57,2,535.49,0.0,1070.98,2026-07-14
151656,50517,9830,82,1,3236.68,0.0,3236.68,2026-07-14
151657,50517,7752,81,1,10954.72,1162.74,9791.98,2026-07-14
151658,50517,5953,36,2,1095.41,0.0,2190.82,2026-07-14
151659,50517,7415,143,2,36836.99,0.0,73673.98,2026-07-14
151660,50517,1869,96,2,8195.56,0.0,16391.12,2026-07-14
151661,50518,2690,20,2,3138.07,1078.99,5197.15,2026-07-14
151662,50519,1753,144,1,1679.46,332.37,1347.09,2026-07-14
151663,50519,4167,75,2,618.91,201.77,1036.05,2026-07-14
151664,50519,10009,166,1,14406.26,0.0,14406.26,2026-07-14
151665,50519,3210,105,1,1100.58,0.0,1100.58,2026-07-14
151666,50520,9648,141,1,13077.33,0.0,13077.33,2026-07-14
151667,50521,7494,47,2,3973.83,1323.86,6623.8,2026-07-14
151668,50521,9656,13,3,310.12,124.45,805.91,2026-07-14
151669,50521,8261,164,2,44662.3,0.0,89324.6,2026-07-14
151670,50521,2206,165,2,177.09,0.0,354.18,2026-07-14
151671,50522,9480,194,3,38880.53,0.0,116641.59,2026-07-14
151672,50522,2846,129,1,6826.07,0.0,6826.07,2026-07-14
151673,50523,9932,70,3,175.72,0.0,527.16,2026-07-14
151674,50523,5274,17,1,2479.23,165.31,2313.92,2026-07-14
151675,50523,8260,102,2,22036.76,0.0,44073.52,2026-07-14
151676,50523,6303,57,2,21588.45,0.0,43176.9,2026-07-14
151677,50523,6860,61,1,571.5,0.0,571.5,2026-07-14
151678,50524,4898,31,1,1748.69,90.41,1658.28,2026-07-14
151679,50524,8976,126,3,759.61,274.14,2004.69,2026-07-14
151680,50524,5144,79,2,3617.98,0.0,7235.96,2026-07-14
151681,50524,9070,3,1,1106.1,0.0,1106.1,2026-07-14
151682,50524,3561,126,3,688.81,0.0,2066.43,2026-07-14
151683,50525,8256,177,3,2197.97,0.0,6593.91,2026-07-14
151684,50525,8889,127,3,639.06,130.03,1787.15,2026-07-14
151685,50526,9213,6,3,689.87,0.0,2069.61,2026-07-14
151686,50526,7871,66,3,21136.24,0.0,63408.72,2026-07-14
151687,50526,9549,142,3,2122.17,0.0,6366.51,2026-07-14
151688,50527,4685,133,1,2517.46,0.0,2517.46,2026-07-14
151689,50527,6921,22,1,13042.06,0.0,13042.06,2026-07-14
151690,50527,210,115,1,6983.92,1130.74,5853.18,2026-07-14
151691,50527,8565,129,1,650.45,0.0,650.45,2026-07-14
151692,50527,1745,160,3,33615.43,13866.9,86979.39,2026-07-14
151693,50528,4836,83,1,323.6,0.0,323.6,2026-07-14
151694,50529,5877,70,2,3296.39,612.18,5980.6,2026-07-14
151695,50530,3676,89,3,2429.79,608.95,6680.42,2026-07-14
151696,50530,9196,34,3,2392.45,1395.88,5781.47,2026-07-14
151697,50530,6372,4,2,712.56,0.0,1425.12,2026-07-14
151698,50530,3893,173,3,31602.63,0.0,94807.89,2026-07-14
151699,50530,8371,28,3,9904.97,1539.92,28174.99,2026-07-14
151700,50531,3328,154,3,4291.97,0.0,12875.91,2026-07-14
151701,50531,7260,100,3,578.31,0.0,1734.93,2026-07-14
151702,50531,3696,113,3,141.43,0.0,424.29,2026-07-14
151703,50532,3219,101,3,4971.05,2739.12,12174.03,2026-07-14
151704,50532,3171,197,1,2502.06,0.0,2502.06,2026-07-14
151705,50532,4820,81,1,526.87,0.0,526.87,2026-07-14
151706,50532,7354,41,2,1342.13,346.69,2337.57,2026-07-14
151707,50532,2907,75,2,31988.83,12728.02,51249.64,2026-07-14
151708,50533,4179,19,1,3891.76,517.91,3373.85,2026-07-14
151709,50533,93,176,2,139.87,0.0,279.74,2026-07-14
151710,50533,5416,47,3,3056.04,0.0,9168.12,2026-07-14
151711,50533,7641,50,3,677.08,0.0,2031.24,2026-07-14
151712,50533,2537,52,3,11821.38,0.0,35464.14,2026-07-14
151713,50534,5208,19,3,6537.84,2519.64,17093.88,2026-07-14
151714,50535,8530,34,3,1224.82,567.2,3107.26,2026-07-14
151715,50535,1118,15,3,538.11,0.0,1614.33,2026-07-14
151716,50536,5725,89,1,183.43,0.0,183.43,2026-07-14
151717,50537,5425,162,1,10724.76,0.0,10724.76,2026-07-14
151718,50537,5912,159,3,8737.48,0.0,26212.44,2026-07-14
151719,50537,4810,122,3,3017.29,0.0,9051.87,2026-07-14
151720,50538,1880,15,3,715.49,0.0,2146.47,2026-07-14
151721,50539,3995,49,3,1140.55,0.0,3421.65,2026-07-14
151722,50539,654,138,2,3209.17,0.0,6418.34,2026-07-14
151723,50540,6323,4,2,809.17,0.0,1618.34,2026-07-14
151724,50541,405,123,3,1966.58,0.0,5899.74,2026-07-14
151725,50541,8469,6,2,1746.02,0.0,3492.04,2026-07-14
151726,50541,6144,19,2,7916.54,0.0,15833.08,2026-07-14
151727,50542,5249,133,1,653.89,0.0,653.89,2026-07-14
151728,50542,8420,119,1,1949.37,0.0,1949.37,2026-07-14
151729,50543,8737,134,3,9627.11,0.0,28881.33,2026-07-14
151730,50543,121,162,1,9029.01,1068.57,7960.44,2026-07-14
151731,50543,1073,153,3,2425.32,0.0,7275.96,2026-07-14
151732,50543,3454,45,3,3998.22,0.0,11994.66,2026-07-14
151733,50543,3493,135,3,1380.72,0.0,4142.16,2026-07-14
151734,50544,2520,151,1,3139.18,0.0,3139.18,2026-07-14
151735,50545,621,125,1,8599.25,672.62,7926.63,2026-07-14
151736,50545,1434,22,2,1613.42,0.0,3226.84,2026-07-14
151737,50545,1201,170,3,37183.75,0.0,111551.25,2026-07-14
151738,50546,6679,98,3,1364.24,0.0,4092.72,2026-07-14
151739,50546,6358,8,2,1385.38,285.4,2485.36,2026-07-14
151740,50546,7392,69,3,2617.43,1080.07,6772.22,2026-07-14
151741,50547,1037,71,3,3541.64,0.0,10624.92,2026-07-14
151742,50548,5861,112,3,3932.12,2334.87,9461.49,2026-07-14
151743,50549,9938,46,2,4937.8,0.0,9875.6,2026-07-14
151744,50549,1418,49,3,679.2,265.73,1771.87,2026-07-14
151745,50549,4613,102,1,9023.93,0.0,9023.93,2026-07-14
151746,50550,6407,29,2,365.98,0.0,731.96,2026-07-14
151747,50550,8942,8,1,482.15,82.96,399.19,2026-07-14
151748,50551,183,3,1,2232.07,166.05,2066.02,2026-07-14
151749,50551,9069,77,1,2639.09,0.0,2639.09,2026-07-14
151750,50551,9095,133,2,4473.95,0.0,8947.9,2026-07-14
151751,50552,4993,135,1,478.9,0.0,478.9,2026-07-14
151752,50553,3470,96,1,218.52,42.06,176.46,2026-07-14
151753,50553,6761,134,1,252.68,0.0,252.68,2026-07-14
151754,50553,8398,142,2,4841.62,1538.26,8144.98,2026-07-14
151755,50554,9295,134,3,1418.38,0.0,4255.14,2026-07-14
151756,50554,892,69,3,2000.7,676.66,5325.44,2026-07-14
151757,50555,4108,148,1,1613.01,290.2,1322.81,2026-07-14
151758,50556,7983,73,1,1632.37,88.07,1544.3,2026-07-14
151759,50556,5421,35,1,549.86,0.0,549.86,2026-07-14
151760,50556,5852,83,2,105.56,0.0,211.12,2026-07-14
151761,50556,2101,176,2,9023.58,0.0,18047.16,2026-07-14
151762,50556,3843,167,2,6108.67,0.0,12217.34,2026-07-14
151763,50557,9267,110,2,4966.01,0.0,9932.02,2026-07-14
151764,50557,9288,82,2,7481.66,2567.45,12395.87,2026-07-14
151765,50558,4034,87,2,304.75,0.0,609.5,2026-07-14
151766,50558,3630,96,1,2401.17,0.0,2401.17,2026-07-14
151767,50558,7146,95,2,46391.4,0.0,92782.8,2026-07-14
151768,50559,7297,125,3,5320.47,2220.55,13740.86,2026-07-14
151769,50559,5878,110,3,293.14,0.0,879.42,2026-07-14
151770,50559,5005,92,2,38436.0,0.0,76872.0,2026-07-14
151771,50559,7979,130,1,162.06,0.0,162.06,2026-07-14
151772,50560,4313,19,3,700.95,411.08,1691.77,2026-07-14
151773,50560,1253,81,1,1048.0,0.0,1048.0,2026-07-14
151774,50561,9534,89,3,3948.84,0.0,11846.52,2026-07-14
151775,50562,3486,165,3,4786.73,0.0,14360.19,2026-07-14
151776,50562,601,161,1,407.47,0.0,407.47,2026-07-14
151777,50562,9038,146,1,196.43,0.0,196.43,2026-07-14
151778,50562,4270,2,3,518.27,0.0,1554.81,2026-07-14
151779,50562,8905,79,2,207.87,50.02,365.72,2026-07-14
151780,50563,8363,136,1,16424.73,0.0,16424.73,2026-07-14
151781,50563,1484,59,3,5572.54,0.0,16717.62,2026-07-14
151782,50563,6501,126,3,579.32,158.17,1579.79,2026-07-14
151783,50563,5962,181,1,2414.06,141.12,2272.94,2026-07-14
151784,50563,8228,87,3,1666.38,0.0,4999.14,2026-07-14
151785,50564,7922,139,1,896.06,154.06,742.0,2026-07-14
151786,50564,5879,128,2,7047.74,2818.5,11276.98,2026-07-14
151787,50565,6053,75,3,246.97,98.77,642.14,2026-07-14
151788,50565,3835,67,2,7316.94,0.0,14633.88,2026-07-14
151789,50565,702,54,2,1244.46,0.0,2488.92,2026-07-14
151790,50566,5310,96,1,298.2,0.0,298.2,2026-07-14
151791,50567,4481,43,1,2464.41,0.0,2464.41,2026-07-14
151792,50567,4315,28,2,14473.17,0.0,28946.34,2026-07-14
151793,50567,9481,193,3,545.52,0.0,1636.56,2026-07-14
151794,50567,8919,177,1,353.69,0.0,353.69,2026-07-14
151795,50567,9342,94,2,2728.47,0.0,5456.94,2026-07-14
151796,50568,8461,76,2,2712.02,0.0,5424.04,2026-07-14
151797,50568,6650,149,2,20648.97,0.0,41297.94,2026-07-14
151798,50569,9900,151,2,4551.02,1070.23,8031.81,2026-07-14
151799,50569,109,72,1,2282.24,0.0,2282.24,2026-07-14
151800,50569,8223,80,2,7324.08,1016.2,13631.96,2026-07-14
151801,50569,2277,106,1,1355.56,261.77,1093.79,2026-07-14
151802,50570,1939,192,2,3233.59,0.0,6467.18,2026-07-14
151803,50570,3774,127,2,3264.13,550.31,5977.95,2026-07-14
151804,50570,6794,143,1,7439.8,0.0,7439.8,2026-07-14
151805,50570,5411,165,2,2838.33,855.79,4820.87,2026-07-14
151806,50570,1857,165,1,135.68,19.36,116.32,2026-07-14
151807,50571,2640,107,1,2461.89,165.03,2296.86,2026-07-14
151808,50571,2208,57,2,46787.89,0.0,93575.78,2026-07-14
151809,50571,8400,81,3,23851.88,0.0,71555.64,2026-07-14
151810,50571,643,138,3,1831.0,0.0,5493.0,2026-07-14
151811,50571,9377,162,3,3131.16,1415.94,7977.54,2026-07-14
151812,50572,1405,51,3,204.03,0.0,612.09,2026-07-14
151813,50572,3549,113,2,272.21,90.29,454.13,2026-07-14
151814,50572,7360,29,2,1787.86,0.0,3575.72,2026-07-14
151815,50573,2980,55,2,1365.8,0.0,2731.6,2026-07-14
151816,50573,8370,123,1,594.52,105.72,488.8,2026-07-14
151817,50573,4334,34,2,35994.63,9559.17,62430.09,2026-07-14
151818,50573,2748,27,1,2142.1,287.34,1854.76,2026-07-14
151819,50573,5615,116,3,9282.92,0.0,27848.76,2026-07-14
151820,50574,9921,33,1,8956.33,0.0,8956.33,2026-07-14
151821,50574,1578,66,3,728.86,0.0,2186.58,2026-07-14
151822,50575,8247,67,3,1453.14,0.0,4359.42,2026-07-14
151823,50575,1926,125,1,750.06,0.0,750.06,2026-07-14
151824,50575,1527,86,3,16506.8,0.0,49520.4,2026-07-14
151825,50575,7902,86,3,1967.71,0.0,5903.13,2026-07-14
151826,50575,2136,174,1,4043.55,0.0,4043.55,2026-07-14
151827,50576,3760,191,3,1942.47,0.0,5827.41,2026-07-14
151828,50576,7900,133,3,11734.04,0.0,35202.12,2026-07-14
151829,50576,6247,93,2,5113.76,555.53,9671.99,2026-07-14
151830,50576,5743,199,2,5126.61,0.0,10253.22,2026-07-14
151831,50577,4642,109,3,1393.53,0.0,4180.59,2026-07-14
151832,50578,4224,117,3,8508.68,0.0,25526.04,2026-07-14
151833,50578,3097,144,3,1486.68,694.04,3766.0,2026-07-14
151834,50578,90,70,3,816.29,200.67,2248.2,2026-07-14
151835,50578,117,92,2,826.1,0.0,1652.2,2026-07-14
151836,50579,2536,154,2,99.31,0.0,198.62,2026-07-14
151837,50580,4282,26,3,2525.48,0.0,7576.44,2026-07-14
151838,50580,8784,31,2,8052.58,0.0,16105.16,2026-07-14
151839,50580,6940,120,2,387.74,0.0,775.48,2026-07-14
151840,50581,9046,52,2,204.24,0.0,408.48,2026-07-14
151841,50581,9136,106,2,696.22,192.84,1199.6,2026-07-14
151842,50581,7905,15,2,1448.1,0.0,2896.2,2026-07-14
151843,50581,2929,163,3,14197.88,0.0,42593.64,2026-07-14
151844,50582,1952,167,2,1417.35,0.0,2834.7,2026-07-14
151845,50582,3765,134,1,2739.31,316.72,2422.59,2026-07-14
151846,50583,6563,86,2,1482.98,0.0,2965.96,2026-07-14
151847,50583,5545,101,1,3033.49,0.0,3033.49,2026-07-14
151848,50583,9021,124,1,1888.22,0.0,1888.22,2026-07-14
151849,50583,853,30,3,13140.6,0.0,39421.8,2026-07-14
151850,50583,2634,61,1,8314.76,850.09,7464.67,2026-07-14
151851,50584,1312,124,3,1198.68,0.0,3596.04,2026-07-14
151852,50584,9979,20,2,1935.55,0.0,3871.1,2026-07-14
151853,50584,619,126,3,161.73,81.29,403.9,2026-07-14
151854,50585,942,5,1,4239.52,0.0,4239.52,2026-07-14
151855,50585,2872,168,3,1591.27,684.15,4089.66,2026-07-14
151856,50585,8100,196,1,3537.4,0.0,3537.4,2026-07-14
151857,50585,7193,69,3,7237.53,0.0,21712.59,2026-07-14
151858,50585,176,50,1,273.46,0.0,273.46,2026-07-14
151859,50586,5894,50,1,3075.57,0.0,3075.57,2026-07-14
151860,50587,1423,69,2,3124.34,0.0,6248.68,2026-07-14
151861,50587,4521,125,2,2197.58,0.0,4395.16,2026-07-14
151862,50588,8483,47,3,4096.35,0.0,12289.05,2026-07-14
151863,50588,252,9,1,9847.81,0.0,9847.81,2026-07-14
151864,50589,9551,173,3,703.58,0.0,2110.74,2026-07-14
151865,50589,5704,6,2,9251.41,0.0,18502.82,2026-07-14
151866,50589,5694,169,3,3246.52,1205.93,8533.63,2026-07-14
151867,50589,4531,77,1,4081.19,0.0,4081.19,2026-07-14
151868,50589,3708,139,1,1280.48,0.0,1280.48,2026-07-14
151869,50590,4822,102,3,382.41,0.0,1147.23,2026-07-14
151870,50590,5571,104,3,2461.66,877.86,6507.12,2026-07-14
151871,50590,1918,62,2,9513.01,0.0,19026.02,2026-07-14
151872,50590,8410,127,3,10972.74,0.0,32918.22,2026-07-14
151873,50590,4223,1,1,2228.07,0.0,2228.07,2026-07-14
151874,50591,7549,144,1,1903.84,235.87,1667.97,2026-07-14
151875,50591,9615,125,2,5796.06,0.0,11592.12,2026-07-14
151876,50591,449,190,1,340.39,0.0,340.39,2026-07-14
151877,50591,7897,90,1,2852.3,0.0,2852.3,2026-07-14
151878,50592,5786,127,3,318.1,0.0,954.3,2026-07-14
151879,50592,8463,122,1,2013.86,292.03,1721.83,2026-07-14
151880,50592,8777,147,2,7401.43,0.0,14802.86,2026-07-14
151881,50592,160,77,2,10993.71,1891.4,20096.02,2026-07-14
151882,50593,7808,193,2,2172.39,301.23,4043.55,2026-07-14
151883,50593,5143,82,3,12573.42,2610.5,35109.76,2026-07-14
151884,50594,8176,73,1,121.76,0.0,121.76,2026-07-14
151885,50594,3272,164,2,4442.95,629.34,8256.56,2026-07-14
151886,50595,4092,27,1,41349.4,0.0,41349.4,2026-07-14
151887,50595,5834,72,1,5441.86,0.0,5441.86,2026-07-14
151888,50596,109,72,2,2282.24,0.0,4564.48,2026-07-14
151889,50596,8872,124,2,9204.23,0.0,18408.46,2026-07-14
151890,50596,693,129,3,42460.22,0.0,127380.66,2026-07-14
151891,50596,7902,86,2,1967.71,400.82,3534.6,2026-07-14
151892,50597,4592,181,1,1503.41,0.0,1503.41,2026-07-14
151893,50597,6519,171,2,5931.39,0.0,11862.78,2026-07-14
151894,50597,3639,84,3,17480.3,6350.29,46090.61,2026-07-14
151895,50597,9449,141,2,306.15,0.0,612.3,2026-07-14
151896,50597,2102,74,3,5995.64,0.0,17986.92,2026-07-14
151897,50598,1973,114,3,34819.49,7922.96,96535.51,2026-07-14
151898,50598,8491,48,3,4754.44,1124.57,13138.75,2026-07-14
151899,50598,7538,39,3,2353.82,396.36,6665.1,2026-07-14
151900,50598,5172,51,2,564.02,0.0,1128.04,2026-07-14
151901,50599,3067,165,1,2132.37,195.73,1936.64,2026-07-14
151902,50599,8988,177,3,2096.68,0.0,6290.04,2026-07-14
151903,50599,4307,41,1,2050.04,0.0,2050.04,2026-07-14
151904,50600,6867,67,2,25743.83,0.0,51487.66,2026-07-14
151905,50600,6100,131,2,11870.77,0.0,23741.54,2026-07-14
151906,50601,2149,95,1,2230.86,0.0,2230.86,2026-07-14
151907,50601,9436,135,2,273.86,37.3,510.42,2026-07-14
151908,50601,3745,108,3,882.16,315.24,2331.24,2026-07-14
151909,50601,1637,94,1,1887.02,152.75,1734.27,2026-07-14
151910,50601,4423,161,2,4832.03,1011.25,8652.81,2026-07-14
151911,50602,8749,80,3,9325.36,0.0,27976.08,2026-07-14
151912,50602,5173,133,1,268.3,0.0,268.3,2026-07-14
151913,50602,7973,30,3,360.55,166.1,915.55,2026-07-14
151914,50602,4916,188,1,6369.41,0.0,6369.41,2026-07-14
151915,50602,4112,82,2,4864.88,0.0,9729.76,2026-07-14
151916,50603,7371,180,3,533.93,0.0,1601.79,2026-07-14
151917,50604,5904,13,2,727.44,0.0,1454.88,2026-07-14
151918,50604,9181,45,2,1706.72,492.17,2921.27,2026-07-14
151919,50604,9134,142,3,889.2,0.0,2667.6,2026-07-14
151920,50605,9452,117,3,1401.72,0.0,4205.16,2026-07-14
151921,50605,9436,135,1,273.86,0.0,273.86,2026-07-14
151922,50606,5819,164,2,86.83,0.0,173.66,2026-07-14
151923,50606,5327,159,2,1146.18,0.0,2292.36,2026-07-14
151924,50606,8364,53,2,382.65,0.0,765.3,2026-07-14
151925,50607,2374,119,3,123.62,0.0,370.86,2026-07-14
151926,50607,2746,16,2,32377.19,0.0,64754.38,2026-07-14
151927,50607,5528,150,1,10159.9,601.08,9558.82,2026-07-14
151928,50607,6912,14,2,5208.38,953.46,9463.3,2026-07-14
151929,50608,4774,50,3,39491.07,0.0,118473.21,2026-07-14
151930,50608,4383,157,2,2014.91,0.0,4029.82,2026-07-14
151931,50608,9919,128,2,432.94,0.0,865.88,2026-07-14
151932,50609,7378,15,1,14325.79,0.0,14325.79,2026-07-14
151933,50609,6783,194,3,4533.93,1056.56,12545.23,2026-07-14
151934,50609,2742,128,3,11922.84,0.0,35768.52,2026-07-14
151935,50609,3013,87,1,733.42,59.7,673.72,2026-07-14
151936,50609,379,29,2,34614.48,7308.56,61920.4,2026-07-14
151937,50610,7753,73,3,222.71,95.37,572.76,2026-07-14
151938,50611,8585,72,3,8358.11,2993.38,22080.95,2026-07-14
151939,50611,1364,173,3,4615.27,0.0,13845.81,2026-07-14
151940,50611,1703,56,2,15521.32,0.0,31042.64,2026-07-14
151941,50611,4301,140,1,11088.98,0.0,11088.98,2026-07-14
151942,50612,2072,74,1,3677.46,204.11,3473.35,2026-07-14
151943,50612,2151,38,2,1134.62,0.0,2269.24,2026-07-14
151944,50612,8631,4,2,717.04,0.0,1434.08,2026-07-14
151945,50612,2796,87,2,449.26,0.0,898.52,2026-07-14
151946,50613,4464,173,1,2480.23,0.0,2480.23,2026-07-14
151947,50613,8988,177,2,2096.68,0.0,4193.36,2026-07-14
151948,50613,7289,188,3,852.95,0.0,2558.85,2026-07-14
151949,50613,2214,194,2,794.02,0.0,1588.04,2026-07-14
151950,50613,8836,27,3,2068.11,0.0,6204.33,2026-07-14
151951,50614,7892,169,1,11033.07,0.0,11033.07,2026-07-14
151952,50614,8842,165,2,359.19,0.0,718.38,2026-07-14
151953,50614,3722,48,1,4124.61,0.0,4124.61,2026-07-14
151954,50615,8575,80,1,12327.5,0.0,12327.5,2026-07-14
151955,50616,8768,22,2,13099.1,3400.97,22797.23,2026-07-14
151956,50616,137,34,2,258.37,0.0,516.74,2026-07-14
151957,50616,8060,122,3,405.92,80.46,1137.3,2026-07-14
151958,50616,7817,178,1,14387.2,0.0,14387.2,2026-07-14
151959,50617,6746,178,2,11169.97,0.0,22339.94,2026-07-14
151960,50617,9185,18,1,2463.67,0.0,2463.67,2026-07-14
151961,50618,6200,64,2,353.49,0.0,706.98,2026-07-14
151962,50618,3615,86,3,9000.75,0.0,27002.25,2026-07-14
151963,50618,4309,34,3,1269.55,0.0,3808.65,2026-07-14
151964,50618,1298,38,3,2163.9,560.69,5931.01,2026-07-14
151965,50619,4405,155,1,6570.74,700.39,5870.35,2026-07-14
151966,50619,6766,157,3,3120.79,0.0,9362.37,2026-07-14
151967,50619,3081,23,2,395.36,41.92,748.8,2026-07-14
151968,50619,1122,115,3,474.95,0.0,1424.85,2026-07-14
151969,50619,2989,44,2,4744.52,932.89,8556.15,2026-07-14
151970,50620,8765,143,1,415.83,41.22,374.61,2026-07-14
151971,50621,4623,76,2,4885.55,1793.77,7977.33,2026-07-14
151972,50622,135,47,1,1491.0,0.0,1491.0,2026-07-14
151973,50622,3815,171,2,10608.41,0.0,21216.82,2026-07-14
151974,50622,1478,168,2,4200.91,0.0,8401.82,2026-07-14
151975,50622,2469,65,2,836.15,0.0,1672.3,2026-07-14
151976,50623,5411,165,1,2838.33,0.0,2838.33,2026-07-14
151977,50624,919,95,2,471.66,117.69,825.63,2026-07-14
151978,50624,4367,155,2,1108.38,139.74,2077.02,2026-07-14
151979,50625,6252,114,3,1208.54,500.43,3125.19,2026-07-14
151980,50625,207,145,2,6761.44,2188.22,11334.66,2026-07-14
151981,50625,1999,30,1,16174.03,1855.95,14318.08,2026-07-14
151982,50626,8539,48,3,846.04,0.0,2538.12,2026-07-14
151983,50627,6376,186,3,317.94,0.0,953.82,2026-07-14
151984,50627,5114,20,3,2782.12,0.0,8346.36,2026-07-14
151985,50627,5294,52,3,7009.74,2196.76,18832.46,2026-07-14
151986,50627,2599,30,2,1828.29,0.0,3656.58,2026-07-14
151987,50628,5906,89,3,12366.99,5031.51,32069.46,2026-07-14
151988,50628,854,7,1,781.89,80.86,701.03,2026-07-14
151989,50629,5317,31,3,3133.24,1324.1,8075.62,2026-07-14
151990,50629,247,192,1,8585.16,734.75,7850.41,2026-07-14
151991,50629,2743,75,1,7625.44,0.0,7625.44,2026-07-14
151992,50629,4524,200,3,4944.32,0.0,14832.96,2026-07-14
151993,50630,2540,146,2,10087.85,1471.39,18704.31,2026-07-14
151994,50630,6085,18,3,1914.9,0.0,5744.7,2026-07-14
151995,50630,1467,75,3,3136.84,817.71,8592.81,2026-07-14
151996,50630,4076,81,2,2942.3,0.0,5884.6,2026-07-14
151997,50630,2584,2,3,536.18,0.0,1608.54,2026-07-14
151998,50631,2062,112,2,892.03,139.13,1644.93,2026-07-14
151999,50632,5691,33,2,5440.19,0.0,10880.38,2026-07-14
152000,50632,7188,83,2,3967.28,0.0,7934.56,2026-07-14
152001,50632,3162,14,2,2206.83,0.0,4413.66,2026-07-14
152002,50632,350,36,3,14986.43,3417.18,41542.11,2026-07-14
152003,50632,6190,185,3,9802.66,0.0,29407.98,2026-07-14
152004,50633,3058,22,2,425.63,0.0,851.26,2026-07-14
152005,50633,8907,130,3,4268.71,0.0,12806.13,2026-07-14
152006,50633,5697,70,3,8169.2,1520.33,22987.27,2026-07-14
152007,50633,5304,28,3,484.02,186.85,1265.21,2026-07-14
152008,50633,7675,121,2,14426.22,0.0,28852.44,2026-07-14
152009,50634,6015,103,3,895.71,530.32,2156.81,2026-07-14
152010,50634,7440,21,1,2947.98,0.0,2947.98,2026-07-14
152011,50634,12,26,2,112.63,0.0,225.26,2026-07-14
152012,50634,8290,60,1,595.7,0.0,595.7,2026-07-14
152013,50634,6211,197,1,447.84,0.0,447.84,2026-07-14
152014,50635,6349,112,1,2147.54,0.0,2147.54,2026-07-14
152015,50635,3111,51,2,24432.69,0.0,48865.38,2026-07-14
152016,50635,8587,64,2,44601.58,9783.65,79419.51,2026-07-14
152017,50635,8152,64,3,4434.23,0.0,13302.69,2026-07-14
152018,50635,9036,160,1,2381.06,0.0,2381.06,2026-07-14
152019,50636,2927,23,1,831.78,149.58,682.2,2026-07-14
152020,50636,513,113,1,8365.58,1443.57,6922.01,2026-07-14
152021,50637,6367,99,1,1097.07,0.0,1097.07,2026-07-14
152022,50637,8027,152,3,2597.08,0.0,7791.24,2026-07-14
152023,50637,8616,5,1,756.28,0.0,756.28,2026-07-14
152024,50637,9672,41,1,10077.04,0.0,10077.04,2026-07-14
152025,50637,4194,81,1,1287.6,0.0,1287.6,2026-07-14
152026,50638,5914,48,3,48610.46,0.0,145831.38,2026-07-14
152027,50639,6047,196,1,10321.21,0.0,10321.21,2026-07-14
152028,50639,956,6,2,5288.63,2003.4,8573.86,2026-07-14
152029,50639,4356,52,1,4774.04,0.0,4774.04,2026-07-14
152030,50639,8668,158,1,844.26,112.72,731.54,2026-07-14
152031,50640,8711,144,1,13087.89,1204.04,11883.85,2026-07-14
152032,50640,6314,119,3,739.63,367.06,1851.83,2026-07-14
152033,50641,9150,55,2,674.87,0.0,1349.74,2026-07-14
152034,50641,9145,32,3,2159.29,0.0,6477.87,2026-07-14
152035,50642,6998,197,3,2655.19,0.0,7965.57,2026-07-14
152036,50642,1706,19,2,14719.67,0.0,29439.34,2026-07-14
152037,50642,2734,171,3,1783.36,0.0,5350.08,2026-07-14
152038,50642,2956,107,2,830.93,0.0,1661.86,2026-07-14
152039,50643,9013,10,2,3325.01,0.0,6650.02,2026-07-14
152040,50643,5320,97,2,2141.99,0.0,4283.98,2026-07-14
152041,50643,6091,164,2,3633.83,0.0,7267.66,2026-07-14
152042,50644,8940,189,2,41292.03,0.0,82584.06,2026-07-14
152043,50644,3505,164,2,565.81,0.0,1131.62,2026-07-14
152044,50644,6146,80,1,9175.59,0.0,9175.59,2026-07-14
152045,50644,9016,62,2,8719.28,0.0,17438.56,2026-07-14
152046,50644,4163,185,3,2483.69,643.49,6807.58,2026-07-14
152047,50645,108,171,1,594.48,0.0,594.48,2026-07-14
152048,50645,4921,10,1,1650.96,0.0,1650.96,2026-07-14
152049,50645,3636,164,3,2289.61,0.0,6868.83,2026-07-14
152050,50646,8377,115,1,3601.15,335.97,3265.18,2026-07-14
152051,50646,9115,108,2,727.02,199.47,1254.57,2026-07-14
152052,50646,9350,13,2,853.53,0.0,1707.06,2026-07-14
152053,50646,9366,183,3,4735.07,1039.17,13166.04,2026-07-14
152054,50646,2535,26,2,10678.06,0.0,21356.12,2026-07-14
152055,50647,9347,122,2,10869.0,0.0,21738.0,2026-07-14
152056,50648,1265,198,2,2727.29,315.13,5139.45,2026-07-14
152057,50648,5320,97,3,2141.99,0.0,6425.97,2026-07-14
152058,50649,9753,175,3,491.58,0.0,1474.74,2026-07-14
152059,50650,6252,114,2,1208.54,0.0,2417.08,2026-07-14
152060,50650,1286,6,1,282.61,0.0,282.61,2026-07-14
152061,50650,917,54,1,1920.0,0.0,1920.0,2026-07-14
152062,50650,5479,3,3,13830.08,0.0,41490.24,2026-07-14
152063,50650,5701,94,3,4010.5,0.0,12031.5,2026-07-14
152064,50651,887,178,2,942.59,0.0,1885.18,2026-07-14
152065,50651,4994,132,1,2529.66,0.0,2529.66,2026-07-14
152066,50651,8592,179,3,18711.88,11142.59,44993.05,2026-07-14
152067,50651,675,141,1,1317.68,0.0,1317.68,2026-07-14
152068,50652,7301,103,1,1103.81,189.28,914.53,2026-07-14
152069,50652,9751,161,2,2319.51,0.0,4639.02,2026-07-14
152070,50652,9425,194,1,21184.37,1868.38,19315.99,2026-07-14
152071,50652,8270,50,1,1279.02,0.0,1279.02,2026-07-14
152072,50653,8981,70,2,2693.78,883.74,4503.82,2026-07-14
152073,50654,8222,93,2,4148.45,0.0,8296.9,2026-07-14
152074,50654,7119,12,2,408.13,0.0,816.26,2026-07-14
152075,50654,2137,6,3,1656.17,599.88,4368.63,2026-07-14
152076,50654,2210,39,3,2497.58,0.0,7492.74,2026-07-14
152077,50655,4035,113,2,10276.4,0.0,20552.8,2026-07-14
152078,50655,3971,98,3,4913.59,1508.43,13232.34,2026-07-14
152079,50655,1174,10,3,4482.04,0.0,13446.12,2026-07-14
152080,50655,4363,148,2,467.28,0.0,934.56,2026-07-14
152081,50655,7047,41,2,5354.42,0.0,10708.84,2026-07-14
152082,50656,4995,156,1,774.45,0.0,774.45,2026-07-14
152083,50657,7246,140,1,1368.39,0.0,1368.39,2026-07-14
152084,50657,2390,75,1,1229.74,0.0,1229.74,2026-07-14
152085,50657,7217,157,1,5175.4,1007.93,4167.47,2026-07-14
152086,50657,736,193,1,44683.74,3067.3,41616.44,2026-07-14
152087,50657,3826,37,3,722.27,0.0,2166.81,2026-07-14
152088,50658,226,28,2,7157.87,0.0,14315.74,2026-07-14
152089,50658,5625,120,1,1533.07,0.0,1533.07,2026-07-14
152090,50658,1824,143,3,3709.04,0.0,11127.12,2026-07-14
152091,50659,8953,113,2,1109.2,0.0,2218.4,2026-07-14
152092,50659,8574,158,3,1319.52,0.0,3958.56,2026-07-14
152093,50660,302,196,3,4907.81,0.0,14723.43,2026-07-14
152094,50660,6171,32,3,2435.94,438.28,6869.54,2026-07-14
152095,50661,985,199,1,1466.36,0.0,1466.36,2026-07-14
152096,50661,4654,102,3,2716.59,1109.76,7040.01,2026-07-14
152097,50662,137,34,3,258.37,0.0,775.11,2026-07-14
152098,50662,1092,91,3,523.18,0.0,1569.54,2026-07-14
152099,50662,6368,2,1,31567.16,2240.19,29326.97,2026-07-14
152100,50662,4446,74,3,6693.41,0.0,20080.23,2026-07-14
152101,50663,8332,47,3,53.06,0.0,159.18,2026-07-14
152102,50663,1632,150,1,1613.02,129.44,1483.58,2026-07-14
152103,50663,5169,121,2,9717.05,0.0,19434.1,2026-07-14
152104,50663,7941,173,3,401.04,89.69,1113.43,2026-07-14
152105,50664,8674,176,2,11449.08,0.0,22898.16,2026-07-14
152106,50664,4996,70,3,1342.44,693.45,3333.87,2026-07-14
152107,50665,5766,36,1,36404.12,0.0,36404.12,2026-07-14
152108,50665,5823,191,3,498.35,192.05,1303.0,2026-07-14
152109,50665,4954,93,1,4235.75,0.0,4235.75,2026-07-14
152110,50666,483,66,1,11364.59,0.0,11364.59,2026-07-14
152111,50666,9093,153,2,11921.97,0.0,23843.94,2026-07-14
152112,50666,4591,37,1,2313.61,0.0,2313.61,2026-07-14
152113,50666,3696,113,3,141.43,0.0,424.29,2026-07-14
152114,50667,3727,40,2,9977.92,0.0,19955.84,2026-07-14
152115,50667,6838,163,3,2077.5,0.0,6232.5,2026-07-14
152116,50667,3939,200,3,3896.9,1272.73,10417.97,2026-07-14
152117,50667,9387,167,3,41140.77,21289.1,102133.21,2026-07-14
152118,50667,2503,175,3,2054.95,0.0,6164.85,2026-07-14
152119,50668,2263,140,3,377.42,0.0,1132.26,2026-07-14
152120,50668,5063,93,3,1356.62,0.0,4069.86,2026-07-14
152121,50669,2379,67,1,1344.34,0.0,1344.34,2026-07-14
152122,50669,9255,121,3,6206.16,2223.08,16395.4,2026-07-14
152123,50669,2590,46,2,2025.5,0.0,4051.0,2026-07-14
152124,50669,5202,106,1,1961.28,0.0,1961.28,2026-07-14
152125,50670,6784,4,2,610.51,0.0,1221.02,2026-07-14
152126,50670,6738,192,3,291.37,0.0,874.11,2026-07-14
152127,50670,4971,71,2,144.12,46.74,241.5,2026-07-14
152128,50671,1750,168,1,3600.19,305.41,3294.78,2026-07-14
152129,50671,2156,3,3,548.42,0.0,1645.26,2026-07-14
152130,50672,9291,105,2,7699.56,1656.69,13742.43,2026-07-14
152131,50672,3784,112,2,193.83,50.99,336.67,2026-07-14
152132,50672,9771,17,3,13553.33,0.0,40659.99,2026-07-14
152133,50672,3805,147,3,4763.83,0.0,14291.49,2026-07-14
152134,50672,428,25,2,14551.97,0.0,29103.94,2026-07-14
152135,50673,2684,125,1,819.25,117.67,701.58,2026-07-14
152136,50673,3167,63,1,204.05,0.0,204.05,2026-07-14
152137,50674,3647,86,1,44609.87,0.0,44609.87,2026-07-14
152138,50674,3324,175,2,1020.65,0.0,2041.3,2026-07-14
152139,50674,3352,111,2,14087.06,0.0,28174.12,2026-07-14
152140,50674,1084,140,2,37019.39,0.0,74038.78,2026-07-14
152141,50675,6634,90,3,195.01,0.0,585.03,2026-07-14
152142,50675,686,111,3,17121.44,0.0,51364.32,2026-07-14
152143,50675,9961,40,3,1124.86,0.0,3374.58,2026-07-14
152144,50675,6233,46,3,1028.36,0.0,3085.08,2026-07-14
152145,50676,8531,118,1,243.88,0.0,243.88,2026-07-14
152146,50677,4026,72,3,7489.47,0.0,22468.41,2026-07-14
152147,50678,9138,57,2,301.0,0.0,602.0,2026-07-14
